HeatNo,MgO (%),Al2O3 (%),SiO2 (%),P2O5 (%),S (%),CaO (%),TiO2 (%),Cr2O3 (%),MnO (%),FeO (%),Sum (%),V-Ratio,B3-Ratio,Lime_Yield,CaO_Provided_Lbs,Slag_Mass_Lbs,Fe_Lbs_Loss_in_Slag,MgO_Lbs_Refr_Loss
10003,10.0,4.96,9.25,0.438,0.065,28.01,0.505,1.31,6.59,38.25,99.37,3.03,1.97,3861.12,2780.0063999999998,9925.049625133879,2657.432037129596,-12.995037486612091
10011,9.19,5.26,8.22,0.422,0.064,25.94,0.581,1.91,7.21,39.06,97.85,3.16,1.92,3485.7599999999998,2509.7472,9675.201233616035,2645.393521295296,-18.599006630686404
