HeatNo,MgO (%),Al2O3 (%),SiO2 (%),P2O5 (%),S (%),CaO (%),TiO2 (%),Cr2O3 (%),MnO (%),FeO (%),Sum (%),V-Ratio,B3-Ratio,Lime_Yield,CaO_Provided_Lbs,Slag_Mass_Lbs,Fe_Lbs_Loss_in_Slag,MgO_Lbs_Refr_Loss
10003,10.0,4.96,9.25,0.438,0.065,28.01,0.505,1.31,6.59,38.25,99.37,3.03,1.97,3861.12,2780.0063999999998,9925.049625133879,2657.432037129596,-12.995037486612091
10011,9.19,5.26,8.22,0.422,0.064,25.94,0.581,1.91,7.21,39.06,97.85,3.16,1.92,3485.7599999999998,2509.7472,9675.201233616035,2645.393521295296,-18.599006630686404
10017,9.44,5.54,8.95,0.477,0.078,29.71,0.611,1.935,7.61,33.32,97.67,3.32,2.05,3617.2799999999997,2604.4415999999997,8766.212049814874,2044.6312984988213,-114.46958249747593
10020,9.75,5.67,9.2,0.472,0.075,29.67,0.606,1.912,7.57,33.2,98.13,3.23,2.0,3625.92,2610.6624,8798.996966632963,2044.8868950455005,-86.34779575328605
10024,10.0,4.85,8.12,0.396,0.057,25.32,0.537,1.471,7.37,41.0,99.12,3.12,1.95,3585.6,2581.632,10196.018957345972,2926.257440758294,85.85189573459729
10026,11.69,4.27,8.72,0.423,0.073,26.8,0.511,1.18,6.9,40.44,101.0,3.07,2.06,3578.8799999999997,2576.7935999999995,9614.90149253731,2721.7863145074616,191.98198447761138
