HeatNo,MgO (%),Al2O3 (%),SiO2 (%),P2O5 (%),S (%),CaO (%),TiO2 (%),Cr2O3 (%),MnO (%),FeO (%),Sum (%),V-Ratio,B3-Ratio,Lime_Yield,CaO_Provided_Lbs,Slag_Mass_Lbs,Fe_Lbs_Loss_in_Slag,MgO_Lbs_Refr_Loss
31042,22.97,2.99,8.02,0.675,2.277,25.8,0.309,2.423,4.22,43.06,112.74,3.22,2.34,0.0,0.0,0.0,0.0,0.0
31046,21.41,2.53,6.98,0.648,2.74,24.96,0.346,2.871,5.42,45.33,113.25,3.58,2.62,3898.56,2806.9631999999997,11245.846153846152,3568.4194430769226,1392.4856615384615
